season,season_type,week,game_date,opponent,status,receptions,receiving_yards,receiving_tds,source_ref
2024,REG,1,2024-09-08,@Bills,played_receiving_row,1,4,0,nfl-mhj-logs-2024
2024,REG,2,2024-09-15,Rams,played_receiving_row,4,130,2,nfl-mhj-logs-2024
2024,REG,3,2024-09-22,Lions,played_receiving_row,5,64,1,nfl-mhj-logs-2024
2024,REG,4,2024-09-29,Commanders,played_receiving_row,5,45,1,nfl-mhj-logs-2024
2024,REG,5,2024-10-06,@49ers,played_receiving_row,2,36,0,nfl-mhj-logs-2024
2024,REG,6,2024-10-13,@Packers,played_receiving_row,0,0,0,nfl-mhj-logs-2024
2024,REG,7,2024-10-21,Chargers,played_receiving_row,3,21,0,nfl-mhj-logs-2024
2024,REG,8,2024-10-27,@Dolphins,played_receiving_row,6,111,1,nfl-mhj-logs-2024
2024,REG,9,2024-11-03,Bears,played_receiving_row,2,34,0,nfl-mhj-logs-2024
2024,REG,10,2024-11-10,Jets,played_receiving_row,5,54,1,nfl-mhj-logs-2024
2024,REG,12,2024-11-24,@Seahawks,played_receiving_row,3,47,0,nfl-mhj-logs-2024
2024,REG,13,2024-12-01,@Vikings,played_receiving_row,5,60,1,nfl-mhj-logs-2024
2024,REG,14,2024-12-08,Seahawks,played_receiving_row,4,49,0,nfl-mhj-logs-2024
2024,REG,15,2024-12-15,Patriots,played_receiving_row,2,32,0,nfl-mhj-logs-2024
2024,REG,16,2024-12-22,@Panthers,played_receiving_row,4,39,0,nfl-mhj-logs-2024
2024,REG,17,2024-12-28,@Rams,played_receiving_row,6,96,0,nfl-mhj-logs-2024
2024,REG,18,2025-01-05,49ers,played_receiving_row,5,63,1,nfl-mhj-logs-2024
2025,REG,1,2025-09-07,@Saints,played_receiving_row,5,71,1,nfl-mhj-logs-2025
2025,REG,2,2025-09-14,Panthers,played_receiving_row,2,27,0,nfl-mhj-logs-2025
2025,REG,3,2025-09-21,@49ers,played_receiving_row,3,44,0,nfl-mhj-logs-2025
2025,REG,4,2025-09-25,Seahawks,played_receiving_row,6,66,1,nfl-mhj-logs-2025
2025,REG,5,2025-10-05,Titans,played_receiving_row,4,98,0,nfl-mhj-logs-2025
2025,REG,6,2025-10-12,@Colts,played_receiving_row,2,32,0,nfl-mhj-logs-2025
2025,REG,7,2025-10-19,Packers,played_receiving_row,2,58,0,nfl-mhj-logs-2025
2025,REG,9,2025-11-03,@Cowboys,played_receiving_row,7,96,1,nfl-mhj-logs-2025
2025,REG,10,2025-11-09,@Seahawks,played_receiving_row,3,33,1,nfl-mhj-logs-2025
2025,REG,11,2025-11-16,49ers,no_receiving_row_not_inferred_as_played,,,,nfl-mhj-logs-2025
2025,REG,12,2025-11-23,Jaguars,no_receiving_row_not_inferred_as_played,,,,nfl-mhj-logs-2025
2025,REG,13,2025-11-30,@Buccaneers,played_receiving_row,6,69,0,nfl-mhj-logs-2025
2025,REG,14,2025-12-07,Rams,no_receiving_row_not_inferred_as_played,,,,nfl-mhj-logs-2025
2025,REG,15,2025-12-14,@Texans,no_receiving_row_not_inferred_as_played,,,,nfl-mhj-logs-2025
2025,REG,16,2025-12-21,Falcons,played_receiving_row,1,14,0,nfl-mhj-logs-2025
2025,REG,17,2025-12-28,@Bengals,played_receiving_row,0,0,0,nfl-mhj-logs-2025
2026,REG,1,2026-09-13,@Chargers,played_receiving_row,1,33,0,nfl-mhj-logs-2026
2026,REG,2,2026-09-20,Seahawks,played_receiving_row,0,0,0,nfl-mhj-logs-2026
2026,REG,3,2026-09-27,@49ers,played_receiving_row,3,40,0,nfl-mhj-logs-2026
2026,REG,4,2026-10-04,@Giants,played_receiving_row,1,12,1,nfl-mhj-logs-2026
