player_name,player_slug,draft_pick,season,status,games,receptions,receiving_yards,receiving_tds,receptions_per_game,receiving_yards_per_game,receiving_ppr_proxy,receiving_ppr_proxy_per_game
Marvin Harrison Jr.,marvin-harrison-jr,4,2024,observed_public_factual_candidate,17,62,885,8,3.647059,52.058824,198.5,11.676471
Marvin Harrison Jr.,marvin-harrison-jr,4,2025,observed_public_factual_candidate,12,41,608,4,3.416667,50.666667,125.8,10.483333
Marvin Harrison Jr.,marvin-harrison-jr,4,2026,observed_public_factual_candidate,4,5,85,1,1.25,21.25,19.5,4.875
Malik Nabers,malik-nabers,6,2024,observed_public_factual_candidate,15,109,1204,7,7.266667,80.266667,271.4,18.093333
Malik Nabers,malik-nabers,6,2025,observed_public_factual_candidate,4,18,271,2,4.5,67.75,57.1,14.275
Malik Nabers,malik-nabers,6,2026,observed_public_factual_candidate,4,18,208,1,4.5,52.0,44.8,11.2
Rome Odunze,rome-odunze,9,2024,observed_public_factual_candidate,17,54,734,3,3.176471,43.176471,145.4,8.552941
Rome Odunze,rome-odunze,9,2025,observed_public_factual_candidate,12,44,661,6,3.666667,55.083333,146.1,12.175
Rome Odunze,rome-odunze,9,2026,observed_public_factual_candidate,4,14,233,0,3.5,58.25,37.3,9.325
Brian Thomas Jr.,brian-thomas-jr,23,2024,observed_public_factual_candidate,17,87,1282,10,5.117647,75.411765,275.2,16.188235
Brian Thomas Jr.,brian-thomas-jr,23,2025,observed_public_factual_candidate,14,48,707,2,3.428571,50.5,130.7,9.335714
Brian Thomas Jr.,brian-thomas-jr,23,2026,observed_public_factual_candidate,4,9,105,1,2.25,26.25,25.5,6.375
Xavier Worthy,xavier-worthy,28,2024,observed_public_factual_candidate,17,59,638,6,3.470588,37.529412,158.8,9.341176
Xavier Worthy,xavier-worthy,28,2025,observed_public_factual_candidate,14,42,532,1,3.0,38.0,101.2,7.228571
Xavier Worthy,xavier-worthy,28,2026,observed_public_factual_candidate,4,14,133,1,3.5,33.25,33.3,8.325
Ricky Pearsall,ricky-pearsall,31,2024,observed_public_factual_candidate,11,31,400,3,2.818182,36.363636,89.0,8.090909
Ricky Pearsall,ricky-pearsall,31,2025,observed_public_factual_candidate,9,36,528,0,4.0,58.666667,88.8,9.866667
Ricky Pearsall,ricky-pearsall,31,2026,unavailable_no_season_row_in_retained_source,,,,,,,,
Xavier Legette,xavier-legette,32,2024,observed_public_factual_candidate,16,49,497,4,3.0625,31.0625,122.7,7.66875
Xavier Legette,xavier-legette,32,2025,observed_public_factual_candidate,15,35,363,3,2.333333,24.2,89.3,5.953333
Xavier Legette,xavier-legette,32,2026,observed_public_factual_candidate,2,2,64,0,1.0,32.0,8.4,4.2
